,position,title,link,text,bold
0,1,Mental Health Treatments,https://mhanational.org/mental-health-treatments,,
1,2,Different Types of Mental Health Treatment - familydoctor.org,https://familydoctor.org/different-types-mental-health-treatment/,"Feb 7, 2018 — Psychotherapy or counseling.This also is called talk therapy. It is one of the most common treatments for mental health disorders. It involves ...",therapy
2,3,Mental Health Treatment Works | SAMHSA,https://www.samhsa.gov/mental-health-treatment-works,"Mar 31, 2022 — The good news: Research shows treatment for mental illness works. With appropriate treatment, people can manage their illness, ...",good
3,4,Mental Health Treatments | NAMI,https://www.nami.org/About-Mental-Illness/Treatments,Types of Mental Health Professionals; Psychotherapy; Getting Treatment During a Crisis; Treatment Settings; Mental Health Medications; Psychosocial Treatments ...,mental health
4,5,Mental illness - Diagnosis and treatment - Mayo Clinic,https://www.mayoclinic.org/diseases-conditions/mental-illness/diagnosis-treatment/drc-20374974,"Jun 8, 2019 — Although psychiatric medications don't cure mental illness, they can often significantly improve symptoms. Psychiatric medications can also help ...",psychiatric
5,6,Types of Mental Health Treatments - PsychGuides.com,https://www.psychguides.com/mental-health-disorders/treatment/types/,"Cognitive behavioral therapy (CBT): Cognitive behavioral therapy is the most common psychotherapeutic approach. It can be used on the individual, group, or ...",behavioral therapy
6,7,Treatment of Mental Illness - Mental Health Disorders - Merck ...,https://www.merckmanuals.com/home/mental-health-disorders/overview-of-mental-health-care/treatment-of-mental-illness,"Most studies suggest that for major mental health disorders, a treatment approach involving both drugs and psychotherapy is more effective than either ...",most
7,8,Types of Psychotherapy for Mental Illnesses - WebMD,https://www.webmd.com/mental-health/mental-health-psychotherapy,"Jul 29, 2020 — Approaches to Therapy · Depression · Bipolar disorder · Anxiety · Anorexia, bulimia, and other eating disorders · Posttraumatic stress disorder (PTSD) ...",therapy
8,9,Evidence-based psychological treatments for mental disorders,https://www.ncbi.nlm.nih.gov/pmc/articles/PMC4395546/,Evidence-based psychological treatments (EBPTs) are effective · by AG Harvey · 2015 · Cited by 144 — The Director of the National Institutes of Mental Health in the USA observed that ' ...,psychological treatments
9,10,Mental illness treatments - Better Health Channel,https://www.betterhealth.vic.gov.au/health/conditionsandtreatments/mental-illness-treatments,People living with mental illness may benefit from a range of treatments. Medical treatment can be provided by a general practitioner (GP) or a psychiatrist. A ...,mental illness
10,11,Treatment for mental health problems - Mind,https://www.mind.org.uk/information-support/types-of-mental-health-problems/mental-health-problems-introduction/treatment-options/,This page gives an overview of the two most common forms of treatment offered though the NHS: talking treatments and psychiatric medication.,most
11,12,Mental Illness Guide | Types Of Disorders & Treatments,https://www.drugwatch.com/health/mental-health/mental-illness/,"The two most popular forms of psychotherapy are psychodynamic therapy and cognitive behavioral therapy, according to Harvard Medical School. Psychodynamic ...",most
12,13,Treatment and support for mental illness,https://www.rethink.org/advice-and-information/living-with-mental-illness/treatment-and-support/,"Electroconvulsive therapy (ECT) is a treatment for severe symptoms of depression, mania and catatonia. This section explains what ECT is, when it is used and ...",therapy
13,14,The Surprising History of Mental Illness Treatment - Baton ...,https://batonrougebehavioral.com/the-surprising-history-of-mental-illness-treatment/,"Jan 13, 2020 — In fact, patients with mental illness to this day still use ECT to treat severe cases of mood disorders. Some celebrities, including Carrie ...",mental illness
14,15,Treating Mental Illness - Here to Help BC,https://www.heretohelp.bc.ca/factsheet/treating-mental-illness-medications-and-more,On this page: · Antidepressants · Anti-anxiety medications · Mood stabilizers · Antipsychotic medications · Long-acting injectable antipsychotics.,
15,16,How Do I Choose Between Medication and Therapy?,https://www.apa.org/ptsd-guideline/patients-and-families/medication-or-therapy,"For anxiety disorders, cognitive-behavioral therapy, antidepressant medications and anti-anxiety medications have all been shown to be helpful. Research ...",disorders
16,17,What is Psychotherapy? - Psychiatry.org,https://psychiatry.org/patients-families/psychotherapy,Psychotherapy is often used in combination with medication to treat mental health conditions. In some circumstances medication may be clearly useful and in ...,treat mental health
17,18,Why Is CBT Effective For Mental Health Treatment,https://www.mentalhealthcenter.org/cbt-effective-mental-health-treatment/,"Apr 14, 2021 — CBT is effective because it has the capacity to engage even the most serious problems. Therapists using CBT as a primary method for treating ...",effective
18,19,Treatments for mental health issues - SANE Australia,https://www.sane.org/information-stories/facts-and-guides/treatments-for-mental-illness,"What does treatment really mean? · Psychological therapy. A doctor, psychologist or other health professional talks with the person about their symptoms and ...",treatment
19,20,Most Effective Mental Health Treatment,https://mentalwellnessks.com/most-effective-mental-health-treatment/,The most effective mental health treatment helps you return to normal functioning while also improving your quality of life. A quality comprehensive program ...,most effective mental health treatment
20,21,5 Controversial Mental Health Treatments | Live Science,https://www.livescience.com/37117-controversial-mental-health-treatments.html,"Jun 3, 2013 — When talk therapy or medications don't work, patients with psychiatric disorders such as severe depression may benefit from unconventional ...",therapy
21,22,Types of Mental Health Treatment | HealthyPlace,https://www.healthyplace.com/other-info/mental-illness-overview/types-of-mental-health-treatment,"Mental Health Treatment Options · psychotherapy (aka therapy, counseling, talk or behavioral therapy. · creative or expressive therapies · occupational therapy or ...",mental health treatment
22,23,Exploring Options for Effective Mental Health Treatment,https://www.bridgestorecovery.com/blog/the-right-therapy-exploring-options-for-effective-mental-health-treatment/,"Jan 28, 2016 — Research indicates that psychodynamic therapy is highly effective for alleviating symptoms of a wide range of mental health disorders, ...",therapy
23,24,"Behavioral Therapy: Definition, Types & Effectiveness",https://www.healthline.com/health/behavioral-therapy,CBT for bipolar disorder — Cognitive behavioral play therapy is commonly used as a treatment for mental health conditions in children. By watching a child ...,disorder
24,25,Treatment - Mental Health America of Wisconsin,http://www.mhawisconsin.org/treatment.aspx,"Psychotherapy explores thoughts, feelings, and behaviors, and seeks to improve an individual's well-being. Psychotherapy paired with medication is the most ...",most
25,26,Mental health treatments for teenagers - Raising Children ...,https://raisingchildren.net.au/pre-teens/mental-health-physical-health/mental-health-therapies-services/mental-health-therapies-for-teens,"May 13, 2021 — Mental health treatment options include counselling, psychotherapy, CBT, e-therapy, family therapy and more. Mental health treatment should ...",mental health treatment
26,27,About Mental Illness - NAMI California,https://namica.org/what-is-mental-illness/,The best treatments for serious mental illnesses today are highly effective; between 70 and 90 percent of individuals have a significant reduction of symptoms ...,treatments
27,28,Top Mental Health Apps for 2021: An Alternative to Therapy?,https://www.psycom.net/25-best-mental-health-apps,"Dec 22, 2021 — While we're not suggesting an app alone can save lives, they can be a good resource to go along with counseling and mental health lifelines, ...",good
28,29,The 10 Worst Mental Health Treatments in History,https://www.everydayhealth.com/pictures/worst-mental-health-treatments-history/,"May 7, 2014 — One of the few psychiatric treatments to receive a Nobel Prize, the lobotomy is also one that is now used infrequently. “Lobotomy was the first ...",psychiatric treatments
29,30,Mental health statistics: people seeking help,https://www.mentalhealth.org.uk/statistics/mental-health-statistics-people-seeking-help,"One adult in eight (12.1%) receives mental health treatment, with 10.4% receiving medication and 3% receiving psychological therapy.",mental health treatment
30,31,Effective Mental Health Treatment for Young Children and ...,https://www.zerotothree.org/resources/118-effective-mental-health-treatment-for-young-children-and-their-families,"Jul 13, 2015 — Years of research and clinical expertise have resulted in effective treatments for infant and early childhood mental health disorders.",effective treatments
31,32,Children's Mental Health Treatment and Support,http://www.acmh-mi.org/get-information/childrens-mental-health-101/treatments-supports/,CBT has been demonstrated to be one of the most effective treatments for youth with depression. It can teach a young person how to change their thoughts and ...,most effective treatments
32,33,Mental Health Treatment: Past and Present - Lumen Learning,https://courses.lumenlearning.com/wsu-sandbox/chapter/mental-health-treatment-past-and-present/,Psychological treatment can occur in a variety of places. An individual might go to a community mental health center or a practitioner in private or community ...,treatment
33,34,Informative Article: Different Types of Mental Health Treatment,https://www.theprojectlotus.org/resource-pieces/research-article-different-types-of-mental-health-treatment,"Feb 6, 2021 — As medication only reduces symptoms, it is effectively used in conjunction with other forms of treatment, most often psychotherapy.",effectively
34,35,Module 6: Barriers to Mental Health Care - Unite For Sight,https://www.uniteforsight.org/mental-health/module6,... successful treatment often requires regular access to mental health care ... the WHO reports that most low- and middle-income countries have only one ...,successful treatment
35,36,Psychological treatments | Your Health in Mind,https://www.yourhealthinmind.org/treatments-medication/psychological-treatments,Psychological treatment is sometimes called 'psychotherapy' or 'talking therapy'. It involves talking about your thoughts with a professional to: better ...,psychological treatment
36,37,5 Exciting New Types of Mental Health Treatment - Vantage ...,https://vantagepointrecovery.com/new-types-of-mental-health-treatment/,Traditional Types of Mental Health Treatment. Cognitive behavioral therapy is one of the most widely used treatments among mental health professionals. · 1.,mental health treatment
37,38,Evidence-based therapies - VA Mental Health,https://www.mentalhealth.va.gov/get-help/treatment/ebt.asp,"Feb 10, 2022 — PE is a highly effective therapy for PTSD that helps patients gradually address their symptoms and get their lives back. PE works by having you ...",highly effective therapy
38,39,Psychological treatments: A call for mental-health science,https://www.nature.com/articles/511287a,"by EA Holmes · 2014 · Cited by 207 — There is a very effective behavioural technique, for example, for phobias and anxiety disorders called exposure therapy. This protocol ...",very effective
39,40,Make therapy free for everyone - Brookings,https://www.brookings.edu/blog/up-front/2021/07/07/make-therapy-free-for-everyone/,"Jul 7, 2021 — When it comes to the provision of mental health treatment, a simple step in the right direction would be enabling universal access to ...",mental health treatment
40,41,Evidence-Based Treatment Practices | Dual Diagnosis,https://dualdiagnosis.org/treatment-therapies-for-dual-diagnosis-patients/evidence-based-treatment-practices/,"How Do Drug Rehabilitation Centers Blend EBPS and Non-EBPS for Maximum Effectiveness? — It can help with anxiety and depression, eating disorders, mood ...",effectiveness
41,42,13.1 Mental Health Treatment: Past & Present - Open Text WSU,https://opentext.wsu.edu/psych105/chapter/13-2-mental-health-treatment-past-present/,Let's take a look at the history of mental health treatment from the past (with some ... all unexplainable phenomena to deities deemed either good or evil.,mental health treatment
42,43,Are behavioral health and mental health the same thing?,https://pacifichealthsystems.com/blog/are-behavioral-health-and-mental-health-the-same-thing/,"May 31, 2021 — Behavioral health disorders very often co-occur with mental illness, so in order to effectively treat the condition, psychiatric care and/or ...",behavioral health
43,44,These are the top 10 innovations in mental health - The World ...,https://www.weforum.org/agenda/2021/09/these-are-the-top-10-innovations-tackling-mental-ill-health/,"Sep 14, 2021 — Online services reach the most remote regions and circumvent fears of stigma for making the decision to seek treatment. They can effectively ...",most
44,45,The Importance Of Seeking Mental Health Treatment - Lehigh ...,https://www.lehighcenter.com/the-importance-of-seeking-mental-health-treatment/,"In addition to improved mental health, seeking treatment can also lead to other benefits, as well. Good mental health can also positively physical health by ...",mental health
45,46,"Types of therapy: For anxiety, depression, trauma, PTSD and ...",https://www.medicalnewstoday.com/articles/types-of-therapy,"Jun 29, 2020 — Psychoanalysis is a more intense type of psychodynamic therapy. According to the American Psychiatric Association, therapy sessions generally ...",therapy
46,47,Digital Tools Are Revolutionizing Mental Health Care in the U.S.,https://hbr.org/2020/12/digital-tools-are-revolutionizing-mental-health-care-in-the-u-s,"Dec 3, 2020 — Digital CBT programs have proven as effective as in-person CBT in treating anxiety and depression and insomnia. One randomized, placebo- ...",effective
47,48,Benefits of Mental Health Treatment - Destinations for Teens,https://www.destinationsforteens.com/destinations-blog/the-challenge-and-benefits-of-seeking-treatment-for-mental-health/,"Nov 11, 2021 — Good mental health treatment will set you on a path of recovery that enables you to enjoy your life truly. We recommend that people ask for ...",good mental health treatment
